"menu_id","menu_code"
2,D011001
3,D011002
4,D011003
5,D011004
6,D011006
7,D011007
8,D011008
9,D011009
10,D011010
11,D012001
12,D012002
13,D012003
14,D012004
15,D012005
16,D012006
17,D012007
18,D012008
19,D012009
20,D012010
21,D012011
22,D012012
23,D012013
24,D012014
25,D012015
26,D012016
27,D012017
28,D012018
29,D012019
30,D012020
31,D012021
32,D012022
33,D012023
34,D012024
35,D012025
36,D012026
37,D012027
38,D012029
39,D012034
40,D012037
41,D012043
42,D012047
43,D012048
44,D012049
45,D012050
46,D012051
47,D012052
48,D012053
49,D012054
50,D012055
51,D012056
52,D012057
53,D012058
54,D012059
55,D012060
56,D012061
57,D012062
58,D012063
59,D012064
60,D012065
61,D012066
62,D012067
63,D012068
64,D012069
65,D012070
66,D012071
67,D012072
68,D012073
69,D012074
70,D012075
71,D012076
72,D012077
73,D012078
74,D012079
75,D012080
76,D012081
77,D012082
78,D012083
79,D012084
80,D012085
81,D012086
82,D012087
83,D012088
84,D012089
85,D012090
86,D012091
87,D012092
88,D012093
89,D012094
90,D012095
91,D012096
92,D012097
93,D012098
94,D012099
95,D012100
96,D012101
97,D012102
98,D012103
99,D012104
100,D012105
101,D012106
102,D012107
103,D012108
104,D012109
105,D012110
106,D012111
107,D012112
108,D012113
109,D012114
110,D012115
111,D012116
112,D012117
113,D012118
114,D012119
115,D012120
116,D013001
117,D013002
118,D013003
119,D013004
120,D013005
121,D013007
122,D013010
123,D013012
124,D013014
125,D013019
126,D013020
127,D013021
128,D013022
129,D013023
130,D013024
131,D013025
132,D013026
133,D013027
134,D013028
135,D013029
136,D013030
137,D013031
138,D013032
139,D013033
140,D013034
141,D013035
142,D013036
143,D013037
144,D013038
145,D013039
146,D013040
147,D013041
148,D013042
149,D013043
150,D013044
151,D013045
152,D013046
153,D013047
154,D014001
155,D014002
156,D014003
157,D014004
158,D014005
159,D014006
160,D014007
161,D014008
162,D014009
163,D014010
164,D014011
165,D014012
166,D014019
167,D014026
168,D014036
169,D014037
170,D014038
171,D014039
172,D014040
173,D014041
174,D014042
175,D014043
176,D014044
177,D014045
178,D014046
179,D014047
180,D014048
181,D014049
182,D014050
183,D014051
184,D014052
185,D014053
186,D014054
187,D014055
188,D014056
189,D014057
190,D014058
191,D014059
192,D014060
193,D014061
194,D014062
195,D014063
196,D014064
197,D014065
198,D014066
199,D014067
200,D014068
201,D014069
202,D014070
203,D014071
204,D014072
205,D014073
206,D014074
207,D014075
208,D014076
209,D014077
210,D014078
211,D014079
212,D014080
213,D014081
214,D014082
215,D014083
216,D014084
217,D014085
218,D014086
219,D014087
220,D014088
221,D014089
222,D014090
223,D014091
224,D014092
225,D014093
226,D014094
227,D014095
228,D014096
229,D014097
230,D014098
231,D014099
232,D014100
233,D014101
234,D014102
235,D014103
236,D014104
237,D014105
238,D014106
239,D014107
240,D014108
241,D014109
242,D014110
243,D014111
244,D014112
245,D014113
246,D014114
247,D014115
248,D014116
249,D014117
250,D014118
251,D014119
252,D014120
253,D014121
254,D014122
255,D014123
256,D014124
257,D014125
258,D014126
259,D014127
260,D014128
261,D014129
262,D014130
263,D014131
264,D014132
265,D014133
266,D014134
267,D015001
268,D015002
269,D015003
270,D015004
271,D015005
272,D015006
273,D015007
274,D015008
275,D015009
276,D015010
277,D015011
278,D015012
279,D015013
280,D015014
281,D015015
282,D015016
283,D015017
284,D015018
285,D015021
286,D015029
287,D015030
288,D015031
289,D015032
290,D015033
291,D015034
292,D015035
293,D015036
294,D015037
295,D015038
296,D015039
297,D015040
298,D015041
299,D015042
300,D015043
301,D015044
302,D015045
303,D015046
304,D015047
305,D015048
306,D015049
307,D015050
308,D015051
309,D015052
310,D015053
311,D015054
312,D015055
313,D015056
314,D015057
315,D015058
316,D015059
317,D015060
318,D015061
319,D015062
320,D015063
321,D015064
322,D015065
323,D015066
324,D015067
325,D015068
326,D015069
327,D015070
328,D015071
329,D015072
330,D015073
331,D015074
332,D015075
333,D015076
334,D015077
335,D015078
336,D015079
337,D015080
338,D015081
339,D015082
340,D015083
341,D015084
342,D015085
343,D015086
344,D016001
345,D016002
346,D016003
347,D016004
348,D016005
349,D016006
350,D016007
351,D016008
352,D016009
353,D016010
354,D016011
355,D016012
356,D016019
357,D016020
358,D016021
359,D016022
360,D016023
361,D016024
362,D016025
363,D016026
364,D016027
365,D016028
366,D016029
367,D016030
368,D016031
369,D016032
370,D016033
371,D016034
372,D016035
373,D016036
374,D016037
375,D016038
376,D016039
377,D016040
378,D016041
379,D017001
380,D017002
381,D017003
382,D017004
383,D017005
384,D017006
385,D017007
386,D017008
387,D017009
388,D017010
389,D017011
390,D021001
391,D021002
392,D021003
393,D021004
394,D021005
395,D021006
396,D021007
397,D021009
398,D021010
399,D021011
400,D021012
401,D021013
402,D021014
403,D021023
404,D021024
405,D021025
406,D021026
407,D021027
408,D021028
409,D021029
410,D021030
411,D021031
412,D021032
413,D021033
414,D021034
415,D021035
416,D021036
417,D021037
418,D021038
419,D021039
420,D021042
421,D021043
422,D021045
423,D021046
424,D021047
425,D021048
426,D021049
427,D021050
428,D021051
429,D021052
430,D021054
431,D021056
432,D021057
433,D021058
434,D021059
435,D021060
436,D021061
437,D021062
438,D021063
439,D021064
440,D021065
441,D021066
442,D021067
443,D021068
444,D021069
445,D021070
446,D021071
447,D021072
448,D021073
449,D021074
450,D021075
451,D021076
452,D021077
453,D021078
454,D021079
455,D021080
456,D021081
457,D021082
458,D022001
459,D022002
460,D022003
461,D022004
462,D022005
463,D022006
464,D022007
465,D022012
466,D022015
467,D022019
468,D022024
469,D022025
470,D022026
471,D022027
472,D022028
473,D022029
474,D022030
475,D022031
476,D022032
477,D022033
478,D022034
479,D022039
480,D022040
481,D022041
482,D022042
483,D022043
484,D022044
485,D022045
486,D022046
487,D022047
488,D022048
489,D022050
490,D022051
491,D022052
492,D022053
493,D022054
494,D022055
495,D022056
496,D022057
497,D022058
498,D022060
499,D022061
500,D022062
501,D022064
502,D022065
503,D022066
504,D022067
505,D022068
506,D022069
507,D022070
508,D022071
509,D022072
510,D022073
511,D022074
512,D022075
513,D022076
514,D022077
515,D022078
516,D022079
517,D022080
518,D022081
519,D022082
520,D022083
521,D022084
522,D022085
523,D022086
524,D022087
525,D022088
526,D022089
527,D022090
528,D022091
529,D022092
530,D022093
531,D022094
532,D022095
533,D022096
534,D022097
535,D022098
536,D031001
537,D031002
538,D031003
539,D031004
540,D031005
541,D031007
542,D031008
543,D031009
544,D031010
545,D031011
546,D031012
547,D031013
548,D031014
549,D031015
550,D031016
551,D031017
552,D031018
553,D031019
554,D031020
555,D031021
556,D031022
557,D031039
558,D031045
559,D031060
560,D031061
561,D031062
562,D031063
563,D031064
564,D031065
565,D031066
566,D031067
567,D031068
568,D031069
569,D031070
570,D031071
571,D031072
572,D031073
573,D031074
574,D031075
575,D031076
576,D031077
577,D031078
578,D031079
579,D031080
580,D031081
581,D031082
582,D031083
583,D031084
584,D031085
585,D031086
586,D031087
587,D031088
588,D031089
589,D031090
590,D031091
591,D031092
592,D031093
593,D031094
594,D031095
595,D031096
596,D031097
597,D031098
598,D031099
599,D031100
600,D031101
601,D031102
602,D031103
603,D031104
604,D031105
605,D031106
606,D031107
607,D031108
608,D031109
609,D031110
610,D031111
611,D031112
612,D031113
613,D031114
614,D031115
615,D031116
616,D031117
617,D031118
618,D031119
619,D031120
620,D031121
621,D031122
622,D031123
623,D031124
624,D031125
625,D031126
626,D031127
627,D031128
628,D031129
629,D031130
630,D031131
631,D031132
632,D031133
633,D031134
634,D031135
635,D031136
636,D031137
637,D031138
638,D031139
639,D031140
640,D031141
641,D031142
642,D031143
643,D031144
644,D031145
645,D031146
646,D031147
647,D032001
648,D032002
649,D032003
650,D032004
651,D032005
652,D032006
653,D032007
654,D032011
655,D032017
656,D032018
657,D040001
658,D040002
659,D040003
660,D040004
661,D040005
662,D040006
663,D040007
664,D040008
665,D040009
666,D040010
667,D040011
668,D040012
669,D040014
670,D040015
671,D040022
672,D040041
673,D040043
674,D040049
675,D040052
676,D040057
677,D040058
678,D040059
679,D040060
680,D040061
681,D040062
682,D040063
683,D040064
684,D040065
685,D040066
686,D040067
687,D040068
688,D040069
689,D040070
690,D040071
691,D040072
692,D040073
693,D040074
694,D040075
695,D040076
696,D040077
697,D040078
698,D040079
699,D040080
700,D040081
701,D040082
702,D040083
703,D040084
704,D040085
705,D040086
706,D051001
707,D051002
708,D051003
709,D051004
710,D051005
711,D051006
712,D051007
713,D051008
714,D051009
715,D051010
716,D051011
717,D051012
718,D051013
719,D051014
720,D051015
721,D051016
722,D051017
723,D051018
724,D051019
725,D051020
726,D051021
727,D051022
728,D051023
729,D051024
730,D051025
731,D051026
732,D051027
733,D051028
734,D051029
735,D051030
736,D051031
737,D051032
738,D051033
739,D051034
740,D051035
741,D051036
742,D051037
743,D051038
744,D051039
745,D051040
746,D051041
747,D051042
748,D051043
749,D051044
750,D051045
751,D051046
752,D051047
753,D051048
754,D051049
755,D051050
756,D051051
757,D051052
758,D051053
759,D051054
760,D051055
761,D051056
762,D051057
763,D051058
764,D051059
765,D051060
766,D051061
767,D051062
768,D051063
769,D051064
770,D051065
771,D051066
772,D051067
773,D051068
774,D051069
775,D051070
776,D051071
777,D051072
778,D051073
779,D051074
780,D051075
781,D051076
782,D051077
783,D051078
784,D051079
785,D051080
786,D051081
787,D051082
788,D051083
789,D051084
790,D051085
791,D051086
792,D051096
793,D051114
794,D051124
795,D051125
796,D051126
797,D051127
798,D051128
799,D051129
800,D051130
801,D051131
802,D051132
803,D051133
804,D051134
805,D051135
806,D051136
807,D051137
808,D051138
809,D051139
810,D051140
811,D051141
812,D051142
813,D051143
814,D051144
815,D051145
816,D051146
817,D051147
818,D051148
819,D051149
820,D051150
821,D051151
822,D051152
823,D051153
824,D051154
825,D051155
826,D051156
827,D051157
828,D051158
829,D051159
830,D051160
831,D051161
832,D051162
833,D051163
834,D051164
835,D051165
836,D051166
837,D051167
838,D051168
839,D051169
840,D051170
841,D051171
842,D051172
843,D051173
844,D051174
845,D051175
846,D051176
847,D051177
848,D051178
849,D051179
850,D051180
851,D051181
852,D051182
853,D051183
854,D051184
855,D051185
856,D051186
857,D051187
858,D051188
859,D051189
860,D051190
861,D051191
862,D051192
863,D051193
864,D051194
865,D051195
866,D051196
867,D051197
868,D051198
869,D051199
870,D051200
871,D051201
872,D051202
873,D051203
874,D051204
875,D051205
876,D051206
877,D051207
878,D051208
879,D051209
880,D051210
881,D051211
882,D051212
883,D051213
884,D051214
885,D051215
886,D051216
887,D051217
888,D051218
889,D051219
890,D051220
891,D051221
892,D051222
893,D051223
894,D051224
895,D051225
896,D051226
897,D051227
898,D051228
899,D051229
900,D051230
901,D051231
902,D051232
903,D051233
904,D051234
905,D051235
906,D051236
907,D051237
908,D051238
909,D051239
910,D051240
911,D051241
912,D051242
913,D051243
914,D051244
915,D051245
916,D051246
917,D051247
918,D051248
919,D051249
920,D051250
921,D051251
922,D051252
923,D051253
924,D051254
925,D051255
926,D051256
927,D051257
928,D051258
929,D051259
930,D051260
931,D051261
932,D051262
933,D051263
934,D051264
935,D051265
936,D051266
937,D051267
938,D051268
939,D051269
940,D051270
941,D051271
942,D051272
943,D051273
944,D051274
945,D051275
946,D051276
947,D051277
948,D051278
949,D051279
950,D051280
951,D051281
952,D051282
953,D051283
954,D051284
955,D051285
956,D051286
957,D051287
958,D051288
959,D051289
960,D051290
961,D051291
962,D051292
963,D051293
964,D051294
965,D051295
966,D051296
967,D051297
968,D051298
969,D051299
970,D051300
971,D051301
972,D051302
973,D051303
974,D051304
975,D051305
976,D051306
977,D051307
978,D051308
979,D051309
980,D051310
981,D051311
982,D051312
983,D051313
984,D051314
985,D051315
986,D051316
987,D051317
988,D051318
989,D051319
990,D051320
991,D051321
992,D051322
993,D051323
994,D051324
995,D051325
996,D051326
997,D051327
998,D051328
999,D051329
1000,D051330
1001,D051331
1002,D051332
1003,D052001
1004,D052002
1005,D052003
1006,D052004
1007,D052005
1008,D052006
1009,D052007
1010,D052008
1011,D052009
1012,D052010
1013,D052011
1014,D052012
1015,D052013
1016,D052014
1017,D052015
1018,D052016
1019,D052017
1020,D052018
1021,D052019
1022,D052020
1023,D052021
1024,D052022
1025,D052023
1026,D052024
1027,D052025
1028,D052026
1029,D052027
1030,D052028
1031,D052029
1032,D052030
1033,D052031
1034,D052032
1035,D052033
1036,D052034
1037,D052035
1038,D052036
1039,D052037
1040,D052038
1041,D052039
1042,D052040
1043,D052041
1044,D052042
1045,D052043
1046,D052044
1047,D052045
1048,D052046
1049,D052047
1050,D052048
1051,D052049
1052,D052050
1053,D052051
1054,D052052
1055,D052053
1056,D052059
1057,D052064
1058,D052065
1059,D052066
1060,D052069
1061,D052070
1062,D052071
1063,D052072
1064,D052073
1065,D052074
1066,D052075
1067,D052076
1068,D052077
1069,D052078
1070,D052079
1071,D052080
1072,D052081
1073,D052082
1074,D052083
1075,D052084
1076,D052085
1077,D052086
1078,D052087
1079,D052088
1080,D052089
1081,D052090
1082,D052091
1083,D052092
1084,D052093
1085,D052094
1086,D052095
1087,D052096
1088,D052097
1089,D052098
1090,D052099
1091,D052100
1092,D052101
1093,D052102
1094,D052103
1095,D052104
1096,D052105
1097,D052106
1098,D052107
1099,D052108
1100,D052109
1101,D052110
1102,D052111
1103,D052112
1104,D052113
1105,D052114
1106,D052115
1107,D052116
1108,D052117
1109,D052118
1110,D052119
1111,D052120
1112,D052121
1113,D052122
1114,D052123
1115,D052124
1116,D052125
1117,D052126
1118,D052127
1119,D052128
1120,D052129
1121,D052130
1122,D052131
1123,D052132
1124,D052133
1125,D052134
1126,D052135
1127,D052136
1128,D052137
1129,D052138
1130,D052139
1131,D052140
1132,D052141
1133,D052142
1134,D052143
1135,D052144
1136,D052145
1137,D052146
1138,D052147
1139,D052148
1140,D052149
1141,D052150
1142,D052151
1143,D052152
1144,D052153
1145,D052154
1146,D052155
1147,D052156
1148,D052157
1149,D052158
1150,D052159
1151,D052160
1152,D052161
1153,D053001
1154,D053002
1155,D053003
1156,D053004
1157,D053005
1158,D053006
1159,D053007
1160,D053008
1161,D053009
1162,D053010
1163,D053011
1164,D053012
1165,D053013
1166,D053014
1167,D053015
1168,D053016
1169,D053017
1170,D053018
1171,D053019
1172,D053020
1173,D053021
1174,D053022
1175,D053023
1176,D053024
1177,D053025
1178,D053026
1179,D053027
1180,D053028
1181,D053029
1182,D053030
1183,D053031
1184,D053036
1185,D053038
1186,D053042
1187,D053045
1188,D053055
1189,D053057
1190,D053059
1191,D053062
1192,D053068
1193,D053069
1194,D053070
1195,D053071
1196,D053072
1197,D053073
1198,D053074
1199,D053075
1200,D053076
1201,D053077
1202,D053078
1203,D053079
1204,D053080
1205,D053081
1206,D053082
1207,D053083
1208,D053084
1209,D053085
1210,D053086
1211,D053087
1212,D053088
1213,D053089
1214,D053090
1215,D053091
1216,D053092
1217,D053093
1218,D053094
1219,D053095
1220,D053096
1221,D053097
1222,D053098
1223,D053099
1224,D053100
1225,D053101
1226,D053102
1227,D053103
1228,D053104
1229,D053105
1230,D053106
1231,D053107
1232,D053108
1233,D053109
1234,D053110
1235,D053111
1236,D053112
1237,D053113
1238,D053114
1239,D053115
1240,D053116
1241,D053117
1242,D053118
1243,D053119
1244,D053120
1245,D053121
1246,D053122
1247,D053123
1248,D053124
1249,D053125
1250,D053126
1251,D053127
1252,D053128
1253,D053129
1254,D053130
1255,D053131
1256,D053132
1257,D053133
1258,D053134
1259,D053135
1260,D053136
1261,D053137
1262,D053138
1263,D054001
1264,D054002
1265,D054003
1266,D054004
1267,D054005
1268,D054006
1269,D054011
1270,D054012
1271,D054013
1272,D054014
1273,D054015
1274,D054016
1275,D054017
1276,D054018
1277,D054019
1278,D054020
1279,D054021
1280,D055001
1281,D055002
1282,D055003
1283,D055004
1284,D055005
1285,D055006
1286,D055007
1287,D055008
1288,D055009
1289,D055010
1290,D055011
1291,D055012
1292,D055013
1293,D055014
1294,D055015
1295,D055016
1296,D055017
1297,D055018
1298,D055019
1299,D055020
1300,D055021
1301,D055022
1302,D055023
1303,D055024
1304,D055025
1305,D055026
1306,D055027
1307,D055028
1308,D055029
1309,D055030
1310,D055031
1311,D061001
1312,D061002
1313,D061003
1314,D061004
1315,D061005
1316,D061006
1317,D061007
1318,D061008
1319,D061009
1320,D061010
1321,D061011
1322,D061012
1323,D061013
1324,D061014
1325,D061015
1326,D061016
1327,D061017
1328,D061018
1329,D061019
1330,D061020
1331,D061021
1332,D061022
1333,D061023
1334,D061024
1335,D061025
1336,D061026
1337,D061027
1338,D061028
1339,D061029
1340,D061030
1341,D061031
1342,D061032
1343,D061033
1344,D061034
1345,D061035
1346,D061036
1347,D061037
1348,D061038
1349,D061039
1350,D061040
1351,D061041
1352,D061042
1353,D061043
1354,D061044
1355,D061045
1356,D061046
1357,D061047
1358,D061048
1359,D061049
1360,D061050
1361,D061051
1362,D061052
1363,D061053
1364,D061054
1365,D061055
1366,D061056
1367,D061057
1368,D061058
1369,D061059
1370,D061060
1371,D061072
1372,D061073
1373,D061074
1374,D061075
1375,D061076
1376,D061077
1377,D061078
1378,D061079
1379,D061080
1380,D061081
1381,D061082
1382,D061083
1383,D061084
1384,D061085
1385,D061086
1386,D061087
1387,D061088
1388,D061089
1389,D061090
1390,D061091
1391,D061092
1392,D061093
1393,D061094
1394,D062001
1395,D062002
1396,D062003
1397,D062004
1398,D062005
1399,D062006
1400,D062007
1401,D062008
1402,D062009
1403,D062010
1404,D062011
1405,D062012
1406,D062013
1407,D062014
1408,D062015
1409,D062016
1410,D062017
1411,D062018
1412,D062019
1413,D062020
1414,D062021
1415,D062022
1416,D062023
1417,D062024
1418,D062025
1419,D063001
1420,D063002
1421,D063003
1422,D063004
1423,D063005
1424,D063006
1425,D063007
1426,D063008
1427,D063009
1428,D063010
1429,D063012
1430,D063013
1431,D063014
1432,D063015
1433,D063016
1434,D063017
1435,D063018
1436,D063026
1437,D063027
1438,D063028
1439,D063029
1440,D063030
1441,D063031
1442,D063032
1443,D063033
1444,D063034
1445,D063035
1446,D063036
1447,D063037
1448,D063038
1449,D063039
1450,D063040
1451,D063041
1452,D063042
1453,D063043
1454,D064001
1455,D064002
1456,D064003
1457,D064004
1458,D064005
1459,D064006
1460,D064007
1461,D064008
1462,D064009
1463,D064010
1464,D064011
1465,D064016
1466,D064017
1467,D064018
1468,D064019
1469,D064020
1470,D064021
1471,D064022
1472,D064023
1473,D064024
1474,D064025
1475,D064026
1476,D064027
1477,D064028
1478,D064029
1479,D064030
1480,D064031
1481,D065001
1482,D065002
1483,D065003
1484,D065004
1485,D065005
1486,D065006
1487,D065007
1488,D065008
1489,D065009
1490,D065010
1491,D065011
1492,D065012
1493,D065013
1494,D065014
1495,D065016
1496,D065019
1497,D065021
1498,D065024
1499,D065025
1500,D065026
1501,D065027
1502,D065028
1503,D065029
1504,D065030
1505,D065031
1506,D065032
1507,D065033
1508,D065034
1509,D065035
1510,D065036
1511,D065037
1512,D065038
1513,D065039
1514,D065040
1515,D065041
1516,D065042
1517,D065043
1518,D065044
1519,D065045
1520,D065046
1521,D065047
1522,D065048
1523,D065049
1524,D065050
1525,D071001
1526,D071002
1527,D071003
1528,D071004
1529,D071005
1530,D071006
1531,D071007
1532,D071008
1533,D071009
1534,D071010
1535,D071011
1536,D071012
1537,D071013
1538,D071014
1539,D071015
1540,D071016
1541,D071018
1542,D071019
1543,D071020
1544,D071021
1545,D071022
1546,D071023
1547,D071024
1548,D071025
1549,D071026
1550,D071037
1551,D071043
1552,D071044
1553,D071045
1554,D071046
1555,D071047
1556,D071048
1557,D071049
1558,D072001
1559,D072002
1560,D072003
1561,D072004
1562,D072005
1563,D072006
1564,D072007
1565,D072008
1566,D072009
1567,D072010
1568,D072018
1569,D072019
1570,D072020
1571,D072021
1572,D072022
1573,D072023
1574,D072024
1575,D072025
1576,D072026
1577,D072027
1578,D072028
1579,D072029
1580,D072030
1581,D072031
1582,D072032
1583,D072033
1584,D072034
1585,D072035
1586,D072036
1587,D072037
1588,D072038
1589,D072039
1590,D073001
1591,D073002
1592,D073003
1593,D073004
1594,D073005
1595,D073006
1596,D073007
1597,D073010
1598,D073012
1599,D073013
1600,D073014
1601,D073015
1602,D073016
1603,D073017
1604,D073018
1605,D073019
1606,D073020
1607,D073021
1608,D073022
1609,D073023
1610,D073024
1611,D073025
1612,D073026
1613,D073027
1614,D074001
1615,D074002
1616,D074003
1617,D074004
1618,D074009
1619,D074010
1620,D074011
1621,D074012
1622,D074013
1623,D074014
1624,D074015
1625,D074016
1626,D074017
1627,D081001
1628,D081002
1629,D081003
1630,D081004
1631,D081005
1632,D081006
1633,D081007
1634,D081008
1635,D081009
1636,D081010
1637,D081011
1638,D081012
1639,D081013
1640,D081014
1641,D081015
1642,D081016
1643,D081017
1644,D081018
1645,D081019
1646,D081020
1647,D081021
1648,D081022
1649,D081023
1650,D081024
1651,D081025
1652,D081026
1653,D081027
1654,D081028
1655,D081029
1656,D081030
1657,D081031
1658,D081032
1659,D081033
1660,D081034
1661,D081035
1662,D081036
1663,D081037
1664,D081038
1665,D081039
1666,D081040
1667,D081042
1668,D081043
1669,D081048
1670,D081054
1671,D081056
1672,D081057
1673,D081058
1674,D081059
1675,D081060
1676,D081061
1677,D081062
1678,D081063
1679,D081064
1680,D081065
1681,D081066
1682,D081067
1683,D081068
1684,D081069
1685,D081070
1686,D082001
1687,D082002
1688,D082003
1689,D082004
1690,D082005
1691,D082006
1692,D082007
1693,D082008
1694,D082009
1695,D082010
1696,D082011
1697,D082012
1698,D082013
1699,D082014
1700,D082015
1701,D082016
1702,D082017
1703,D082018
1704,D082019
1705,D082020
1706,D082029
1707,D082030
1708,D082031
1709,D082032
1710,D082033
1711,D082034
1712,D082035
1713,D082036
1714,D082037
1715,D082038
1716,D082039
1717,D082040
1718,D082041
1719,D082042
1720,D082043
1721,D082044
1722,D082045
1723,D082046
1724,D082047
1725,D082048
1726,D082049
1727,D082050
1728,D082051
1729,D082052
1730,D082053
1731,D082054
1732,D082055
1733,D082056
1734,D082057
1735,D082058
1736,D082059
1737,D082060
1738,D082061
1739,D082062
1740,D082063
1741,D082064
1742,D082065
1743,D083001
1744,D083002
1745,D083003
1746,D083004
1747,D083005
1748,D083006
1749,D083007
1750,D083008
1751,D083018
1752,D083019
1753,D083020
1754,D083021
1755,D083022
1756,D083023
1757,D083024
1758,D083025
1759,D083026
1760,D083027
1761,D083028
1762,D083029
1763,D083030
1764,D083031
1765,D083032
1766,D083033
1767,D083034
1768,D083035
1769,D091001
1770,D091002
1771,D091003
1772,D091004
1773,D091005
1774,D091006
1775,D091007
1776,D091008
1777,D091009
1778,D091010
1779,D091011
1780,D091012
1781,D091013
1782,D091021
1783,D091022
1784,D091023
1785,D092001
1786,D092002
1787,D092003
1788,D092004
1789,D092005
1790,D092006
1791,D092007
1792,D092008
1793,D092009
1794,D092011
1795,D092013
1796,D092014
1797,D092015
1798,D092016
1799,D093001
1800,D093002
1801,D093003
1802,D093004
1803,D093005
1804,D093006
1805,D093007
1806,D093008
1807,D093009
1808,D093012
1809,D093013
1810,D093014
1811,D093015
1812,D093016
1813,D093017
1814,D093018
1815,D093019
1816,D093020
1817,D093025
1818,D093028
1819,D093032
1820,D093035
1821,D093037
1822,D093039
1823,D093040
1824,D093041
1825,D093042
1826,D093043
1827,D093044
1828,D093045
1829,D093046
1830,D093047
1831,D093048
1832,D093049
1833,D093050
1834,D093051
1835,D093052
1836,D095001
1837,D095002
1838,D095003
1839,D095004
1840,D095005
1841,D095006
1842,D095007
1843,D095008
1844,D095009
1845,D095010
1846,D095011
1847,D095012
1848,D095013
1849,D095014
1850,D095015
1851,D095025
1852,D095026
1853,D095035
1854,D095036
1855,D095037
1856,D095038
1857,D095039
1858,D095040
1859,D095041
1860,D095042
1861,D095043
1862,D101001
1863,D101002
1864,D101003
1865,D101004
1866,D101005
1867,D101006
1868,D101007
1869,D101008
1870,D101009
1871,D101010
1872,D101011
1873,D101012
1874,D101013
1875,D101014
1876,D101015
1877,D101016
1878,D101017
1879,D101018
1880,D101019
1881,D101020
1882,D101021
1883,D101022
1884,D101023
1885,D101024
1886,D101025
1887,D101026
1888,D101027
1889,D101031
1890,D101032
1891,D101033
1892,D101034
1893,D101035
1894,D102001
1895,D102002
1896,D102003
1897,D102004
1898,D102005
1899,D102006
1900,D102007
1901,D102008
1902,D102009
1903,D102010
1904,D102011
1905,D102012
1906,D102013
1907,D102014
1908,D102015
1909,D102016
1910,D102017
1911,D102018
1912,D102019
1913,D102020
1914,D102021
1915,D102022
1916,D102023
1917,D102024
1918,D102025
1919,D102026
1920,D102027
1921,D102028
1922,D102029
1923,D102035
1924,D102040
1925,D102041
1926,D102042
1927,D102043
1928,D102044
1929,D102045
1930,D102046
1931,D102047
1932,D102048
1933,D102049
1934,D102050
1935,D102051
1936,D102052
1937,D102053
1938,D102054
1939,D102055
1940,D102056
1941,D103001
1942,D103002
1943,D103003
1944,D103004
1945,D103005
1946,D103006
1947,D103007
1948,D103008
1949,D103009
1950,D103010
1951,D103011
1952,D103012
1953,D103013
1954,D103014
1955,D103015
1956,D103016
1957,D103017
1958,D103018
1959,D103019
1960,D103020
1961,D103021
1962,D103022
1963,D103023
1964,D103024
1965,D103025
1966,D103026
1967,D103027
1968,D103028
1969,D103029
1970,D103030
1971,D103031
1972,D103032
1973,D103033
1974,D103034
1975,D103035
1976,D103036
1977,D103037
1978,D103038
1979,D103039
1980,D103040
1981,D103041
1982,D103042
1983,D103043
1984,D103044
1985,D103045
1986,D103046
1987,D103047
1988,D103048
1989,D103049
1990,D103050
1991,D103051
1992,D103052
1993,D103053
1994,D103054
1995,D103055
1996,D103056
1997,D103065
1998,D103068
1999,D103070
2000,D103071
2001,D103072
2002,D103073
2003,D103074
2004,D103075
2005,D103076
2006,D103077
2007,D103078
2008,D103079
2009,D103080
2010,D103081
2011,D103082
2012,D103083
2013,D103084
2014,D103085
2015,D103086
2016,D104001
2017,D104002
2018,D104003
2019,D104004
2020,D104005
2021,D104006
2022,D104007
2023,D104008
2024,D104013
2025,D104016
2026,D104027
2027,D104028
2028,D104029
2029,D105001
2030,D105002
2031,D105003
2032,D105004
2033,D105005
2034,D105006
2035,D105007
2036,D105008
2037,D105009
2038,D105010
2039,D105019
2040,D105020
2041,D105021
2042,D105022
2043,D105023
2044,D105024
2045,D111001
2046,D111002
2047,D111003
2048,D111004
2049,D111005
2050,D111006
2051,D111007
2052,D111008
2053,D111009
2054,D111010
2055,D111011
2056,D111012
2057,D111013
2058,D111014
2059,D111015
2060,D111016
2061,D111017
2062,D111018
2063,D111019
2064,D111020
2065,D111021
2066,D111022
2067,D111023
2068,D111024
2069,D111025
2070,D111026
2071,D111027
2072,D111028
2073,D111029
2074,D111030
2075,D111031
2076,D111032
2077,D111033
2078,D111034
2079,D111035
2080,D111036
2081,D111037
2082,D111038
2083,D111039
2084,D111049
2085,D111052
2086,D111053
2087,D111054
2088,D111055
2089,D111056
2090,D112001
2091,D112002
2092,D112003
2093,D112004
2094,D112005
2095,D112006
2096,D112007
2097,D112008
2098,D112009
2099,D112010
2100,D112011
2101,D112012
2102,D112013
2103,D112014
2104,D112015
2105,D112016
2106,D112017
2107,D112018
2108,D112026
2109,D112028
2110,D112029
2111,D112030
2112,D112031
2113,D112032
2114,D112033
2115,D112034
2116,D112035
2117,D112036
2118,D112037
2119,D112038
2120,D113001
2121,D113002
2122,D113003
2123,D113004
2124,D113005
2125,D113006
2126,D113007
2127,D113008
2128,D113009
2129,D113010
2130,D113011
2131,D113012
2132,D113013
2133,D113014
2134,D113015
2135,D113016
2136,D113017
2137,D113020
2138,D113021
2139,D113022
2140,D113023
2141,D113024
2142,D113025
2143,D114001
2144,D114002
2145,D114003
2146,D114004
2147,D114005
2148,D114006
2149,D114007
2150,D114008
2151,D114009
2152,D114010
2153,D114013
2154,D114019
2155,D114020
2156,D114022
2157,D121001
2158,D121002
2159,D121003
2160,D121004
2161,D121005
2162,D121006
2163,D121007
2164,D121008
2165,D121009
2166,D121010
2167,D121011
2168,D121012
2169,D121013
2170,D121014
2171,D121015
2172,D121016
2173,D121017
2174,D121018
2175,D121019
2176,D121020
2177,D121021
2178,D121022
2179,D121023
2180,D121024
2181,D121025
2182,D121026
2183,D121027
2184,D121028
2185,D121029
2186,D121030
2187,D121031
2188,D121032
2189,D121033
2190,D121034
2191,D121035
2192,D121036
2193,D121037
2194,D121038
2195,D121039
2196,D121040
2197,D121041
2198,D121042
2199,D121043
2200,D121044
2201,D121045
2202,D122001
2203,D122002
2204,D122003
2205,D122004
2206,D122005
2207,D122006
2208,D122007
2209,D122008
2210,D122009
2211,D122010
2212,D122011
2213,D122012
2214,D122013
2215,D122014
2216,D122015
2217,D122017
2218,D122018
2219,D122019
2220,D122020
2221,D122021
2222,D122022
2223,D122023
2224,D123001
2225,D123002
2226,D123003
2227,D123004
2228,D123005
2229,D123006
2230,D123007
2231,D123015
2232,D123016
2233,D123017
2234,D123018
2235,D123019
2236,D124001
2237,D124002
2238,D124003
2239,D124004
2240,D124005
2241,D124006
2242,D124007
2243,D124008
2244,D124009
2245,D124010
2246,D124011
2247,D124012
2248,D124013
2249,D124014
2250,D124015
2251,D124016
2252,D124019
2253,D124020
2254,D124021
2255,D124022
2256,D125001
2257,D125002
2258,D125003
2259,D125004
2260,D125005
2261,D125006
2262,D125007
2263,D132002
2264,D132003
2265,D132004
2266,D132005
2267,D132006
2268,D132007
2269,D132008
2270,D132009
2271,D132010
2272,D132011
2273,D132012
2274,D132013
2275,D132014
2276,D132015
2277,D132016
2278,D132017
2279,D132018
2280,D132019
2281,D132020
2282,D132021
2283,D132022
2284,D132023
2285,D132024
2286,D132025
2287,D132026
2288,D132027
2289,D132028
2290,D132029
2291,D132030
2292,D132031
2293,D132032
2294,D132033
2295,D132034
2296,D132035
2297,D132036
2298,D132037
2299,D132038
2300,D132039
2301,D132040
2302,D132041
2303,D132042
2304,D132044
2305,D132055
2306,D132060
2307,D132066
2308,D132070
2309,D132072
2310,D132073
2311,D132074
2312,D132075
2313,D132077
2314,D132078
2315,D132080
2316,D132081
2317,D132082
2318,D132083
2319,D132084
2320,D132085
2321,D132086
2322,D132087
2323,D132088
2324,D132090
2325,D132091
2326,D132092
2327,D132093
2328,D132094
2329,D132095
2330,D132096
2331,D132097
2332,D132098
2333,D132099
2334,D132100
2335,D132101
2336,D132102
2337,D132103
2338,D132104
2339,D132105
2340,D132106
2341,D132107
2342,D132108
2343,D132109
2344,D132110
2345,D132111
2346,D132112
2347,D132113
2348,D132114
2349,D132115
2350,D132116
2351,D132117
2352,D132118
2353,D132119
2354,D132120
2355,D132121
2356,D132122
2357,D132123
2358,D132124
2359,D132125
2360,D132126
2361,D132127
2362,D133001
2363,D133002
2364,D133003
2365,D133004
2366,D133006
2367,D133007
2368,D133008
2369,D133009
2370,D133010
2371,D133011
2372,D133012
2373,D133013
2374,D133014
2375,D133015
2376,D133016
2377,D133017
2378,D133018
2379,D133019
2380,D133020
2381,D133021
2382,D133022
2383,D133023
2384,D133024
2385,D133025
2386,D133026
2387,D133028
2388,D133033
2389,D133040
2390,D133041
2391,D133042
2392,D133043
2393,D133044
2394,D133045
2395,D133046
2396,D133047
2397,D134001
2398,D134002
2399,D134003
2400,D134004
2401,D134005
2402,D134006
2403,D135001
2404,D135002
2405,D135003
2406,D135004
2407,D135005
2408,D135006
2409,D135020
2410,D135027
2411,D135028
2412,D135031
2413,D135032
2414,D135033
2415,D135034
2416,D135035
2417,D135036
2418,D135037
2419,D135038
2420,D135039
2421,D135040
2422,D135041
2423,D135042
2424,D135043
2425,D135044
2426,D135045
2427,D135046
2428,D135047
2429,D135048
2430,D135049
2431,D135050
2432,D135051
2433,D135052
2434,D135053
2435,D135054
2436,D135055
2437,D135056
2438,D135057
2439,D135058
2440,D135059
2441,D135060
2442,D135061
2443,D135062
2444,D135063
2445,D135064
2446,D135065
2447,D135066
2448,D135067
2449,D135068
2450,D136001
2451,D140001
2452,D140002
2453,D140003
2454,D140004
2455,D140005
2456,D140006
2457,D140007
2458,D140009
2459,D140010
2460,D140011
2461,D140012
2462,D140014
2463,D140015
2464,D140017
2465,D140031
2466,D140039
2467,D140044
2468,D140046
2469,D140047
2470,D140048
2471,D140049
2472,D140057
2473,D140059
2474,D140060
2475,D140061
2476,D140063
2477,D140064
2478,D140065
2479,D140068
2480,D140069
2481,D140070
2482,D140072
2483,D140073
2484,D140074
2485,D140075
2486,D140076
2487,D140077
2488,D140078
2489,D140079
2490,D140080
2491,D140081
2492,D140082
2493,D140083
2494,D140084
2495,D140085
2496,D140086
2497,D140087
2498,D140088
2499,D140089
2500,D140090
2501,D140091
2502,D140092
2503,D140093
2504,D140094
2505,D140095
2506,D140096
2507,D140097
2508,D140098
2509,D140099
2510,D140100
2511,D140101
2512,D140102
2513,D151001
2514,D151002
2515,D151003
2516,D151004
2517,D151005
2518,D151006
2519,D151007
2520,D151008
2521,D151009
2522,D151017
2523,D152001
2524,D152002
2525,D153002
2526,D153003
2527,D153005
2528,D160001
2529,D160002
2530,D160003
2531,D160004
2532,D160006
2533,D160007
2534,D160008
2535,D160009
2536,D160011
2537,D160012
2538,D160013
2539,D160015
2540,D160018
2541,D160023
2542,D160024
2543,D160025
2544,D160026
2545,D160027
2546,D160028
2547,D160029
2548,D160030
2549,D160031
2550,D160032
2551,D160033
2552,D160034
2553,D160035
2554,D170001
2555,D170002
2556,D170003
2557,D170004
2558,D170005
2559,D170007
2560,D170008
2561,D170009
2562,D170012
2563,D170023
2564,D170024
2565,D170025
2566,D170026
2567,D170027
2568,D170028
2569,D170029
2570,D170030
2571,D170031
2572,D170032
2573,D171001
2574,D171002
2575,D171003
2576,D171004
2577,D171009
2578,D171010
2579,D171011
2580,D171012
2581,D171013
2582,D171014
2583,D171015
2584,D171016
2585,D171017
2586,D180001
2587,D180002
2588,D180003
2589,D180004
2590,D180005
2591,D180006
2592,D180007
2593,D180008
2594,D180009
2595,D180018
2596,D180052
2597,D180059
2598,D180071
2599,D180086
2600,D180124
2601,D180130
2602,D180136
2603,D180183
2604,D180197
2605,D180208
2606,D180229
2607,D180240
2608,D180254
2609,D180257
2610,D180289
2611,D180295
2612,D180306
2613,D180314
2614,D180318
2615,D180324
2616,D180335
2617,D180339
2618,D180340
2619,D180341
2620,D180342
2621,D180343
2622,D180344
2623,D180345
2624,D180346
2625,D190001
2626,D190002
2627,D190003
2628,D190004
2629,D190005
2630,D190010
2631,D190011
2632,D190017
2633,D190018
2634,D190019
2635,D190020
2636,D190023
2637,D190024
2638,D190025
2639,D190026
2640,D190027
2641,D190028
2642,D190029
2643,D190030
2644,D190031
2645,D190034
2646,D190035
2647,D190036
2648,D190037
2649,D190038
2650,D190039
2651,D190040
2652,D190041
2653,D190042
2654,D190043
2655,D190044
2656,D190045
2657,D190046
2658,D190047
2659,D190048
2660,D190049
2661,D190050
2662,D190051
2663,D190052
2664,D190053
2665,D190054
2666,D190055
2667,D190056
2668,D190057
2669,D190058
2670,D190059
2671,D190060
2672,D190061
2673,D190062
2674,D200001
2675,D200002
2676,D200003
2677,D200004
2678,D200005
2679,D200007
2680,D200008
2681,D200009
2682,D200010
2683,D200011
2684,D200012
2685,D200013
2686,D200014
2687,D200015
2688,D200016
2689,D200017
2690,D200018
2691,D200019
2692,D200020
2693,D200021
2694,D200022
2695,D200023
2696,D200024
2697,D200025
2698,D201001
2699,D201003
2700,D201009
2701,D201014
2702,D201022
2703,D201023
2704,D201024
2705,D201025
2706,D201026
2707,D201027
2708,D201028
2709,D201029
2710,D201030
2711,D201031
2712,D201032
2713,D201033
2714,D201034
2715,D201035
2716,D201036
2717,D201037
2718,D201038
2719,D201039
2720,D201040
2721,D201041
2722,D201042
2723,D201043
2724,D201044
2725,D201045
2726,D201047
2727,D201048
2728,D201049
2729,D201050
2730,D201051
2731,D201052
2732,D201053
2733,D203001
2734,D203002
2735,D203003
2736,D203004
2737,D203005
2738,D203006
2739,D203007
2740,D203008
2741,D203009
2742,D203010
2743,D203011
2744,D203012
2745,D203019
2746,D203020
2747,D203021
2748,D203022
2749,D203023
2750,D203024
2751,D203025
2752,D203026
2753,D203027
2754,D203028
2755,D203029
2756,D203030
2757,D203031
2758,D203032
2759,D203033
2760,D203034
2761,D203035
2762,D203036
2763,D203037
2764,D203038
2765,D203039
2766,D203040
2767,D203041
2768,D203042
2769,D203043
2770,D203044
2771,D203045
2772,D203046
2773,D203047
2774,D203048
2775,D203049
2776,D203050
2777,D203051
2778,D211001
2779,D211002
2780,D211003
2781,D211004
2782,D211005
2783,D211006
2784,D211007
2785,D211008
2786,D211009
2787,D211010
2788,D211011
2789,D211012
2790,D211013
2791,D211014
2792,D211015
2793,D211016
2794,D211017
2795,D211018
2796,D211019
2797,D211020
2798,D211021
2799,D211022
2800,D211023
2801,D211024
2802,D211025
2803,D211026
2804,D211027
2805,D211028
2806,D211029
2807,D211030
2808,D211031
2809,D211032
2810,D211033
2811,D211034
2812,D211036
2813,D211037
2814,D211039
2815,D211040
2816,D211041
2817,D211042
2818,D211043
2819,D211047
2820,D211048
2821,D211049
2822,D211050
2823,D211051
2824,D211052
2825,D211053
2826,D211054
2827,D211058
2828,D211059
2829,D211060
2830,D211061
2831,D211062
2832,D211063
2833,D211064
2834,D211065
2835,D211066
2836,D211067
2837,D211068
2838,D211069
2839,D211070
2840,D211071
2841,D211072
2842,D211073
2843,D211074
2844,D211075
2845,D211076
2846,D211077
2847,D211078
2848,D211079
2849,D211080
2850,D211081
2851,D211082
2852,D211083
2853,D211084
2854,D211085
2855,D211086
2856,D211087
2857,D211088
2858,D211089
2859,D211090
2860,D211091
2861,D211092
2862,D211093
2863,D211094
2864,D211095
2865,D211096
2866,D211097
2867,D211098
2868,D211099
2869,D211100
2870,D211101
2871,D212035
2872,D212038
2873,D212039
2874,D212040
2875,D212041
2876,D212042
2877,D212043
2878,D212044
2879,D212045
2880,D212046
2881,D212047
2882,D212048
2883,D212049
2884,D212050
2885,D212051
2886,D212052
2887,D212053
2888,D212054
2889,D212055
2890,D212056
2891,D212057
2892,D212058
2893,D212059
2894,D212060
2895,D212061
2896,D212062
2897,D212063
2898,D212064
2899,D212065
2900,D212066
2901,D212067
2902,D212068
2903,D212069
2904,D212070
2905,D212071
2906,D212072
2907,D212073
2908,D212074
2909,D212076
2910,D212078
2911,D212079
2912,D230001
2913,D230002
2914,D230003
2915,D230004
2916,D230005
2917,D230006
2918,D230007
2919,D230008
2920,D230009
2921,D230010
2922,D230011
2923,D230013
2924,D230018
2925,D230035
2926,D230038
2927,D230043
2928,D230047
2929,D230050
2930,D230060
2931,D230061
2932,D230062
2933,D230063
2934,D230064
2935,D230065
2936,D230067
2937,D230068
2938,D230069
2939,D230070
2940,D230071
2941,D230072
2942,D230073
2943,D230074
2944,D230075
2945,D230076
2946,D230077
2947,D230078
2948,D230079
2949,D230080
2950,D230081
2951,D230082
2952,D230083
2953,D281001
2954,D281002
2955,D281003
2956,D281009
2957,D281010
2958,D281011
2959,D281012
2960,D281013
2961,D281014
2962,D281015
2963,D281016
2964,D281017
2965,D281018
2966,D281019
2967,D281020
2968,D281021
2969,D281022
2970,D281023
2971,D281024
2972,D281025
2973,D281026
2974,D281027
2975,D281028
2976,D281029
2977,D281030
2978,D281031
2979,D281032
2980,D281033
2981,D281034
2982,D282001
2983,D282002
2984,D282005
2985,D282006
2986,D282007
2987,D282008
2988,D282009
2989,D282010
2990,D282011
2991,D282012
2992,D282013
2993,D282014
2994,D282015
2995,D282016
2996,D282017
2997,D282018
2998,D282019
2999,D282020
3000,D282021
3001,D282022
3002,D282023
3003,D282024
3004,D282025
3005,D282026
3006,D282027
3007,D282028
3008,D282029
3009,D282030
3010,D282031
3011,D284001
3012,D284002
3013,D284003
3014,D284004
3015,D284005
3016,D284006
3017,D284007
3018,D284008
3019,D284009
3020,D285001
3021,D285002
3022,D285003
3023,D285010
3024,D285011
3025,D285012
3026,D285013
3027,D285014
3028,D285015
3029,D285016
3030,D285017
3031,D286001
3032,D286002
3033,D286005
3034,D286006
3035,D286007
3036,D286008
3037,D287001
3038,D287002
3039,D287004
3040,D287005
3041,D287006
3042,D287030
3043,D287035
3044,D287036
3045,D287037
3046,D287038
3047,D287039
3048,D287040
3049,D287041
3050,D287042
3051,D287043
3052,D287044
3053,D287045
3054,D288001
3055,D288002
3056,D288003
3057,D288004
3058,D288006
3059,D288007
3060,D288008
3061,D288009
3062,D288010
3063,D288011
3064,D288012
3065,D288013
3066,D288014
3067,D288015
3068,D288016
3069,D288017
3070,D288018
3071,D288019
3072,D288020
3073,D288021
3074,D288022
3075,D288023
3076,D288024
3077,D288025
3078,D288026
3079,D288027
3080,D288028
3081,D289001
3082,D289002
3083,D289003
3084,D289004
3085,D289005
3086,D289006
3087,D289007
3088,D291001
3089,D291002
3090,D291011
3091,D291012
3092,D291013
3093,D291014
3094,D291015
3095,D291016
3096,D291017
3097,D291018
3098,D291019
3099,D291020
3100,D291021
3101,D292001
3102,D292002
3103,D292003
3104,D292004
3105,D292005
3106,D292006
3107,D292007
3108,D292008
3109,D292009
3110,D292010
3111,D292011
3112,D292012
3113,D292013
3114,D292014
3115,D292015
3116,D292016
3117,D292017
3118,D292019
3119,D292020
3120,D292021
3121,D292022
3122,D292023
3123,D292024
3124,D292025
3125,D292027
3126,D292028
3127,D292029
3128,D292030
3129,D292031
3130,D292032
3131,D292033
3132,D292034
3133,D292035
3134,D292036
3135,D292037
3136,D292038
3137,D292039
3138,D292040
3139,D292041
3140,D292042
3141,D292043
3142,D292044
3143,D292045
3144,D292046
3145,D292047
3146,D292048
3147,D292049
3148,D292050
3149,D292051
3150,D292052
3151,D292053
3152,D292054
3153,D292055
3154,D292056
3155,D292057
3156,D292058
3157,D292059
3158,D292060
3159,D292061
3160,D292062
3161,D292064
3162,D292065
3163,D292066
3164,D292067
3165,D292068
3166,D292069
3167,D292070
3168,D292071
3169,D292072
3170,D292073
3171,D292074
3172,D292075
3173,D292077
3174,D292079
3175,D292080
3176,D292081
3177,D292082
3178,D292083
3179,D292084
3180,D292085
3181,D292087
3182,D292088
3183,D292089
3184,D292090
3185,D292091
3186,D292092
3187,D292093
3188,D292094
3189,D292095
3190,D292096
3191,D292097
3192,D292098
3193,D292099
3194,D292100
3195,D292101
3196,D292102
3197,D292103
3198,D292104
3199,D292105
3200,D292107
3201,D292108
3202,D292109
3203,D292111
3204,D293001
3205,D293003
3206,D301001
3207,D301004
3208,D301005
3209,D301006
3210,D301007
3211,D301008
3212,D301009
3213,D301010
3214,D301011
3215,D301012
3216,D301013
3217,D301014
3218,D301015
3219,D301016
3220,D301017
3221,D311001
3222,D311002
3223,D311003
3224,D311004
3225,D311005
3226,D311006
3227,D311008
3228,D311009
3229,D311010
3230,D311011
3231,D311012
3232,D311013
3233,D311014
3234,D311015
3235,D311016
3236,D311017
3237,D311018
3238,D311019
3239,D311020
3240,D311021
3241,D311027
3242,D311032
3243,D311033
3244,D311034
3245,D311036
3246,D311039
3247,D311042
3248,D311045
3249,D311053
3250,D311054
3251,D311055
